Workbook

Sheet Návod
A1: Fyzioscanner – scénář k namluvení hlasu
A2: Aplikace teď mluví hlasem telefonu. Namluvené věty ho nahradí: aplikace přehraje vaši nahrávku, a kde nahrávka chybí, použije zatím hlas telefonu. Nahrávat jde proto postupně.
A4: Jak nahrávat
A5: • Každá věta = jeden soubor. Název souboru přesně podle sloupce „Soubor“ (složky stačí jako předpona, např. korekce_napremte-pater.wav).
A6: • Formát WAV nebo MP3, mono, 44,1 nebo 48 kHz. Tiché místo, stejná vzdálenost od mikrofonu u všech vět.
A7: • Na začátku a konci nechte asi půl vteřiny ticha, nic nestříhejte, to udělám já.
A8: • Tón jako ve voiceoverech Kinisi: klidně, věcně, vlídně. Korekce nejsou příkazy ani výtky, spíš klidné připomenutí.
A9: • Korekce jsou krátké, aby zazněly během pohybu (do 2 vteřin).
A10: • U vět označených „nová formulace, prosím ověřit“ klidně napište lepší znění do sloupce „Úprava textu“ a namluvte rovnou svou verzi.
A11: • Hotové věty označte ve sloupci „Namluveno“ (ano). Na listu Přehled se počty sečtou samy.
A12: • Hotové soubory nahrajte do sdílené složky (Google Drive) a pošlete odkaz.
A14: Co vyplnit
... A22: Věty s proměnným číslem jsme přeformulovali, aby stačilo nahrát je jednou (např. „Rozsah pohybu je větší než minule.“ místo čísla stupňů).

Sheet Věty
A1: Č. | B1: Skupina | C1: Soubor | D1: Věta k namluvení | E1: Kde zazní | F1: Poznámka | G1: Namluveno | H1: Úprava textu (když jinak)
A2: 1 | B2: Obecné | C2: obecne/pripravte-se | D2: Připravte se. | E2: Po stisku Začít cvičit, když cvik nemá vlastní úvodní pokyny.
A3: 2 | B3: Obecné | C3: obecne/zacnete | D3: Začněte. | E3: Po odpočtu, začátek cvičení.
A4: 3 | B4: Obecné | C4: obecne/dalsi-serie | D4: Další série. Začněte. | E4: Po pauze mezi sériemi.
A5: 4 | B5: Obecné | C5: obecne/serie-hotova | D5: Série je hotová. Během pauzy dýchejte plynule. | E5: Konec série, začátek pauzy. | F5: nová formulace, prosím ověřit
A6: 5 | B6: Obecné | C6: obecne/hotovo | D6: Hotovo. Výborně, děkuji. | E6: Po poslední sérii. | F6: nová formulace, prosím ověřit
A7: 6 | B7: Obecné | C7: obecne/dokoncete-pohyb | D7: Dokončete pohyb dle svých možností. | E7: Opakování nedošlo do plného rozsahu. | F7: nová formulace, prosím ověřit
A8: 7 | B8: Obecné | C8: obecne/zpomalte | D8: Zpomalte, pohyb je plynulý. | E8: Pohyb byl výrazně rychlejší než ve vzoru. | F8: ze slovníku manuálu
A9: 8 | B9: Obecné | C9: obecne/rozsah-vetsi | D9: Rozsah pohybu je větší než minule. | E9: Souhrn po cvičení, když se rozsah zlepšil. | F9: nová formulace, prosím ověřit
A10: 9 | B10: Obecné | C10: obecne/dychejte | D10: Dýchejte plynule do celého trupu. | E10: Připomínka dechu během cvičení (kamera dech nevidí). | F10: ze slovníku manuálu
A11: 10 | B11: Potvrzení | C11: potvrzeni/ano-takhle | D11: Ano, takhle. | E11: Když člověk chybu opraví (střídají se). | F11: rozhodnuto v manuálu
A12: 11 | B12: Potvrzení | C12: potvrzeni/takhle-spravne | D12: Takhle je to správně. | E12: Když člověk chybu opraví (střídají se). | F12: rozhodnuto v manuálu
A13: 12 | B13: Potvrzení | C13: potvrzeni/vyborne-udrzujte | D13: Výborně, tuto pozici udržujte. | E13: Když člověk chybu opraví (střídají se). | F13: rozhodnuto v manuálu
A14: 13 | B14: Korekce | C14: korekce/napremte-pater | D14: Napřimte páteř. | E14: Bederní páteř se vyhrbuje. | F14: ze slovníku manuálu
A15: 14 | B15: Korekce | C15: korekce/kostrc-do-dalky | D15: Kostrč vytáhněte do dálky. | E15: Bederní páteř se prohýbá. | F15: ze slovníku manuálu
A16: 15 | B16: Korekce | C16: korekce/hlava-v-prodlouzeni | D16: Hlava v prodloužení páteře. | E16: Záklon hlavy. | F16: ze slovníku manuálu
... A46: 45 | B46: Počítání | C46: pocitani/01 | D46: 1 | E46: Po každém správném opakování. | F46: číslo vyslovte, jak běžně počítáte opakování
A47: 46 | B47: Počítání | C47: pocitani/02 | D47: 2 | E47: Po každém správném opakování.
A48: 47 | B48: Počítání | C48: pocitani/03 | D48: 3 | E48: Po každém správném opakování.
A49: 48 | B49: Počítání | C49: pocitani/04 | D49: 4 | E49: Po každém správném opakování.
A50: 49 | B50: Počítání | C50: pocitani/05 | D50: 5 | E50: Po každém správném opakování.
A51: 50 | B51: Počítání | C51: pocitani/06 | D51: 6 | E51: Po každém správném opakování.
A52: 51 | B52: Počítání | C52: pocitani/07 | D52: 7 | E52: Po každém správném opakování.
A53: 52 | B53: Počítání | C53: pocitani/08 | D53: 8 | E53: Po každém správném opakování.
A54: 53 | B54: Počítání | C54: pocitani/09 | D54: 9 | E54: Po každém správném opakování.
A55: 54 | B55: Počítání | C55: pocitani/10 | D55: 10 | E55: Po každém správném opakování.
A56: 55 | B56: Počítání | C56: pocitani/11 | D56: 11 | E56: Po každém správném opakování.
A57: 56 | B57: Počítání | C57: pocitani/12 | D57: 12 | E57: Po každém správném opakování.
A58: 57 | B58: Počítání | C58: pocitani/13 | D58: 13 | E58: Po každém správném opakování.
... A75: 74 | B75: Počítání | C75: pocitani/30 | D75: 30 | E75: Po každém správném opakování.
A76: 75 | B76: Cvik: Dynamický podřep | C76: cviky/podrep/00-telefon-sikmo | D76: Postavte telefon šikmo před sebe, asi pod úhlem 45 stupňů. | E76: Úvod, varianta šikmo zepředu. | F76: nová formulace, prosím ověřit
A77: 76 | B77: Cvik: Dynamický podřep | C77: cviky/podrep/01 | D77: Postavte se, chodidla na šíři boků. | E77: Úvodní pokyny před cvičením. | F77: z popisu cviku
A78: 77 | B78: Cvik: Dynamický podřep | C78: cviky/podrep/02 | D78: Opora chodidel je na malíčku, kloubu pod palcem, palci a patě. | E78: Úvodní pokyny před cvičením. | F78: z popisu cviku
A79: 78 | B79: Cvik: Dynamický podřep | C79: cviky/podrep/03 | D79: Paže jsou volně podél těla. | E79: Úvodní pokyny před cvičením. | F79: z popisu cviku
A80: 79 | B80: Cvik: Dynamický podřep | C80: cviky/podrep/04 | D80: Hlavu vytáhněte ke stropu, ramena ze široka od uší. | E80: Úvodní pokyny před cvičením. | F80: z popisu cviku
A81: 80 | B81: Cvik: Dynamický podřep | C81: cviky/podrep/05 | D81: Prodechněte se do celého těla. | E81: Úvodní pokyny před cvičením. | F81: z popisu cviku
A82: 81 | B82: Cvik: Dřep | C82: cviky/drep/01 | D82: Postavte se, chodidla na šíři boků. | E82: Úvodní pokyny před cvičením. | F82: z komentáře terapeuta, převedeno do vykání
A83: 82 | B83: Cvik: Dřep | C83: cviky/drep/02 | D83: Opora je pod palcem, malíčkem i patou. | E83: Úvodní pokyny před cvičením. | F83: z komentáře terapeuta, převedeno do vykání
A84: 83 | B84: Cvik: Dřep | C84: cviky/drep/03 | D84: Kolena lehce pokrčte. | E84: Úvodní pokyny před cvičením. | F84: z komentáře terapeuta, převedeno do vykání
A85: 84 | B85: Cvik: Dřep | C85: cviky/drep/04 | D85: Udržujte kompaktně zapojenou břišní stěnu. | E85: Úvodní pokyny před cvičením. | F85: z komentáře terapeuta, převedeno do vykání

Sheet Přehled
A1: Skupina | B1: Vět | C1: Namluveno | D1: Zbývá
A2: Obecné | B2: =COUNTIF('Věty'!$B$2:$B$85,A2) | C2: =COUNTIFS('Věty'!$B$2:$B$85,A2,'Věty'!$G$2:$G$85,"ano") | D2: =B2-C2
A3: Potvrzení | B3: =COUNTIF('Věty'!$B$2:$B$85,A3) | C3: =COUNTIFS('Věty'!$B$2:$B$85,A3,'Věty'!$G$2:$G$85,"ano") | D3: =B3-C3
A4: Korekce | B4: =COUNTIF('Věty'!$B$2:$B$85,A4) | C4: =COUNTIFS('Věty'!$B$2:$B$85,A4,'Věty'!$G$2:$G$85,"ano") | D4: =B4-C4
A5: Varianty | B5: =COUNTIF('Věty'!$B$2:$B$85,A5) | C5: =COUNTIFS('Věty'!$B$2:$B$85,A5,'Věty'!$G$2:$G$85,"ano") | D5: =B5-C5
A6: Počítání | B6: =COUNTIF('Věty'!$B$2:$B$85,A6) | C6: =COUNTIFS('Věty'!$B$2:$B$85,A6,'Věty'!$G$2:$G$85,"ano") | D6: =B6-C6
A7: Cvik: Dynamický podřep | B7: =COUNTIF('Věty'!$B$2:$B$85,A7) | C7: =COUNTIFS('Věty'!$B$2:$B$85,A7,'Věty'!$G$2:$G$85,"ano") | D7: =B7-C7
A8: Cvik: Dřep | B8: =COUNTIF('Věty'!$B$2:$B$85,A8) | C8: =COUNTIFS('Věty'!$B$2:$B$85,A8,'Věty'!$G$2:$G$85,"ano") | D8: =B8-C8
A9: Celkem | B9: =SUM(B2:B8) | C9: =SUM(C2:C8) | D9: =SUM(D2:D8)
